<?xml version="1.0" encoding="UTF-8"?>
<metadata xml:lang="en"><Esri><CreaDate>20251115</CreaDate><CreaTime>15013000</CreaTime><ArcGISFormat>1.0</ArcGISFormat><SyncOnce>TRUE</SyncOnce><DataProperties><lineage><Process ToolSource="c:\program files\arcgis\server\framework\runtime\arcgis\Resources\ArcToolbox\toolboxes\Data Management Tools.tbx\SetRasterProperties" Date="20251115" Time="150130">SetRasterProperties C:\Users\igskmncn-swscArc\AppData\Local\Temp\landfireproductservice_gpserver\j49da770ed7eb4a4d93d4c555b95dd28e\scratch\j49da770ed7eb4a4d93d4c555b95dd28e.tif Thematic # # # "Creator 'USGS EROS Landfire Product Service'" #</Process></lineage></DataProperties></Esri></metadata>
